Compound	CAS	Company	CatalogNumber	FW	Synonyms	Hans80Anti	Hans80metals	FEBA_carbon	FEBA_nitrogen	FEBA_stress	All_star
(-)-Epigallocatechin gallate	989-51-5	Sigma	E4143-50MG	458.37							
(-)-Epinephrine	51-43-4	Sigma	E4250-1G	183.2							
(-)-Norepinephrine	51-41-2	Sigma	A7257-500MG	169.18							
(+/-)-Verapamil hydrochloride	152-11-4	Sigma	V4629-1G	491.06							
1-ethyl-3-methylimidazolium acetate	143314-17-4	Sigma	689483	170.21						yes	
1-ethyl-3-methylimidazolium chloride	65039-09-0			146.62						yes	
1-ethyl-3-methylimidazolium lysine										yes	
1,2-dimethyl-5-nitroimidazole	551-92-8	TCI	d4081	141.13	Dimetridazole	yes					
18-Crown-6	17455-13-9	Sigma	186651-5G	264.32		yes					
2-bromo-2-nitro-1,3-propanediol	52-51-7	Sigma	134708-100g	199.99		yes					
2-Deoxy-D-Ribose	533-67-5	Sigma	D5899	134.13				yes			
2-Furfuraldehyde	98-01-1	Sigma	185914	96.08						yes	
2-furoic acid	88-14-2	Sigma	F20505	112.08							
2-Mercaptopyridine N-oxide sodium salt	3811-73-2	Sigma	H3261	149.15		yes					
2-methyl-4-isothizaolin-3-one	2682-20-4	Sigma	725765-5g	115.15		yes					
2-undecanol	1653-30-1			172.31							
2,2-dibromo-2-cyanoacetamide	10222-01-2	Sigma	540978-5g	241.87		yes					
2,2'-Dipyridyl	366-18-7	Sigma	36759-1G	156.18							
2,3-dihydroxybenzoic acid	303-38-8			154.12							
2,4-Dinitrophenol	51-28-5	Sigma	D198501-5G	184.11		yes					
2,5-dihydroxybenzoic acid	490-79-9	Sigma	149357	154.12							
3-(N-morpholino)propanesulfonic acid	1132-61-2			209.2633	MOPS						
3-hydroxybenzoic acid	99-06-9	Sigma	H20008	138.12							
3-methyl-1-butanol	123-51-3			88.15							
3-methyl-2-butenol	556-82-1			86.132							
3-methyl-3-butenol	763-32-6			86.13							
3-Methylcatechol	488-17-5	Sigma	M34006	124.14							
4-Aminobenzoic acid	150-13-0	Sigma	A9878	137.14	p-Aminobenzoic acid, para-aminobenzoic acid						
4-Hydroxyacetophenone	99-93-4	Sigma	278564	136.15			yes				
4-Hydroxybenzaldehyde	123-08-0	Sigma	144088	122.12							
4-Hydroxybenzoic Acid	99-96-7	Sigma	240141	138.12	para-hydroxybenzoic acid			yes			
4-Hydroxymandelic acid monohydrate	184901-84-6	Sigma	168327	186.15							
4-hydroxyphenylacetic acid	156-38-7	Sigma	H50004	152.15							
4-Hydroxyphenylpropionic acid	501-97-3	Sigma	H52406	166.17							
5-Azacytidine	320-67-2	Sigma	A2385-100MG	244.2							
5-Fluoroorotic acid hydrate	207291-81-4	Sigma	F5013-50MG	174.09							
5-fluorouracil	51-21-8	ICN	101722	130.1		yes					
5-Hydroxymethylfurfural	67-47-0	Sigma	W501808	126.11						yes	
5-Keto-D-Gluconic Acid potassium salt	91446-96-7	Sigma	K4125	232.23				yes			
5'-Deoxy-5'-(methylthio)adenosine	2457-80-9	Sigma	D5011	297.33							
8-hydroxy-nitroquinolone	4008-48-4	Sigma	140325-5g	190.16		yes					
a-Cyclodextrin	10016-20-3	Sigma	C4642	160.1026				yes			
a-Ketoglutaric acid disodium salt hydrate	305-72-6	Sigma	K3752	190.06				yes			
acetaldehyde	75-07-0	Sigma	402788	44.05							
Acetic Acid	64-19-7	Sigma	242853	60.05							
acetone	67-64-1	Sigma	179124	58.08							
Acetosyringone	2478-38-8	Sigma	D134406	196.2							
Acetovanillone	498-02-2	Sigma	W508454	166.17							
Actinomycin D	50-76-0	Sigma	A1410	1255.5							
Adenine hydrochloride hydrate	2922-28-3	Sigma	A8751	171.59	Adenine			yes	yes		
Adenosine	58-61-7	Sigma	A9251	267.241				yes	yes		
Agar	9002-18-0	Sigma	A1296								
Agave											
Allopurinol	315-30-0		a8003-5g	136.11		yes					
Aluminum chloride hydrate	10124-27-3	Sigma	229393	133.34			yes			yes	
Aluminum potassium sulfate dodecahydrate	7784-24-9	Sigma	A7210	474.39	Alum, Potassium alum, Potassium aluminum sulfate dodecahydrate, AlK(SO4)2 12H2O						
Amikacin disulfate salt	39831-55-5	Sigma	A1774-250MG	781.76							
Ammonium chloride	12125-02-9	Sigma	A9434	53.49	NH4Cl		yes		yes		
Ammonium heptamolybdate tetrahydrate	12027-67-7			1235.86	Ammonium molybdate		no				
Ammonium Nitrate	6484-52-2	Sigma	A9642	80.04			no				
Ammonium Sulfamate	7773-06-0	Sigma	228745	114.12			no				
Ammonium Sulfate	7783-20-2	Sigma	A4418	132.14	Mascagnite		no				
Ammonium sulfite monohydrate	7783-11-1	Sigma	358983	134.16			no				
Amoxicillin	26787-78-0	Sigma	A8523-1G	365.4		yes	no				
Ampicillin sodium salt	69-52-3	Sigma	A9518	371.39		yes	no				
Anhydrotetracycline hydrochloride	13803-65-1	fluka	37919	462.88		yes	no				
Antimycin A	1397-94-0	Sigma	a8674-100mg	548.63		yes	no				
AQDS	853-68-9			412.3	anthraquinone-2,6-disulfonate		no				
Atrazin	1924-24-9	fluka	45330	215.68		yes	no				
Azlocillin sodium salt	37091-65-9	Sigma	A7926-1G	483.47		yes	no				
Aztreonam	78110-38-0	Sigma	MP: 150415-1G	435.44		yes	no				
Bacitracin	1405-87-4	Sigma	B0125-50KU	1422.69		yes	no			yes	
Bacto Peptone					Peptone		no				
Baicalein	491-67-8	aldrich	465119-100mg	270.24		yes	no				
Barium chloride dihydrate	10326-27-9						yes				
Benzalkonium Chloride	63449-41-2	Sigma	B6295				no			yes	
Benzethonium chloride	121-54-0	Sigma	B8879-100G	448.08		yes	no			yes	
benzoic acid	65-85-0	Sigma	242381	122.12			no			yes	
Beta-Lactose	5965-66-2	Sigma	L3750	342.3			no	yes			
Bile salts		Sigma	B8756				no				
biotin	58-85-5	Sigma	B4501	244.31	D-Biotin, Bios II, Biotin, Coenzyme R, Vitamin B7, Vitamin H		no				
bismuth(III) chloride	7787-60-2	Sigma	224839	315.34			yes				
Bleomycin sulfate	9041-93-4	Sigma	15361-1MG				no				
Boric Acid	10043-35-3		0084-01 (JT*)	61.83	H3BO3		no				
Butanol	71-36-3	Sigma	B7906	74.12	Butan-1-ol; n-Butanol		no				
Cadmium chloride hemipentahydrate	7790-78-5	Sigma	239208	228.36			yes				
caffeic acid	331-39-5	Sigma	C0625	180.16			no				
Caffeine	58-08-2	Sigma	c-0750	194.2		yes	no				
Calcium chloride	10043-52-4	Sigma	C1016	110.98	CaCl2		no				
Calcium chloride dihydrate	10035-04-8	Sigma	C5080	147.01	Calcium Chloride Dihydrate		yes				
Calcium nitrate tetrahydrate	13477-34-4	Sigma	C1396	236.15			no				
calcium pantothenate	137-08-6	Sigma	C8731	238.27	(R)-(+)-N-(2,4-Dihydroxy-3,3-dimethyl-1-oxobutyl)-_-alanine hemicalcium salt, Calcium D-pantothenate, Vitamin B5, pantothenic acid, Pantothenic acid dicalcium salt, Calcium D,L-pantothenate		no				
CAPS	1135-40-6	Sigma	C2632	221.32	3-(Cyclohexylamino)-1-propanesulfonic acid		no				
capsaicin	404-86-4			305.42			no				
Carbenicillin disodium salt	4800-94-6	Sigma	C1389-5G	422.36		yes	no			yes	
Carnitine Hydrochloride	461-05-2	Sigma	C9500	197.66			no	yes	yes		
casamino acids	65072-00-6	BD	223120		CAS amino acids		no	yes	yes		
Casein	9000-71-9	Sigma	C7078				no				
CCCP	555-60-2	Sigma	C2759-100MG	204.62			no				
Cecropin B	80451-05-4	Sigma	C1796-.1MG	3835.65			no				
Cefazolin sodium salt	27164-46-1	Sigma	C5020-100MG	476.49			no				
Cefoxitin sodium salt	33564-30-6	Sigma	C4786-250MG	449.43		yes	no				
Cefsulodin sodium salt hydrate	52152-93-9	Sigma	C8145-100MG	554.53			no				
Ceftazidime hydrate	120618-65-7	Sigma	C3809	546.58			no			yes	
Ceftriaxone disodium salt hemi(heptahydrate)	104376-79-6	Sigma	C5793-250MG	661.6		yes	no				
Cephalothin sodium salt	58-71-9	Sigma	C4520-100MG	418.42		yes	no			yes	
Cerium(III) chloride	7790-86-5	Sigma	202983	246.48	cerium chloride		yes				
Cerulenin	17397-89-6	Sigma	C2389-5MG	223.27			no				
Cesium chloride	7647-17-8	Sigma	289329	168.36	cesium chloride		yes				
Chloramphenicol	56-75-7	Sigma	C0378	323.13		yes	no			yes	
Chlorhexidine diacetate salt hydrate	56-95-1	Sigma	C6143	625.55		yes	no				
Chlorpromazine hydrochloride	69-09-0	Sigma	C8138-5G	355.33		yes	no				
Cholin acetate	14586-35-7	Sigma	670189	163.21			no			yes	
Choline chloride	67-48-1			139.62			no			yes	
Choline Lysine							no			yes	
Chromium(III) Chloride Hexahydrate	10025-73-7	Sigma	450790		chromium chloride		yes				
Ciprofloxacin Hydrochloride	86393-32-0	MP	199020	367.84		yes	no				
Cisplatin	15663-27-1	Sigma	P4394	300.05		yes	no			yes	
Citric Acid	77-92-9	Sigma	251275	192.12			no	yes			
Clarithromycin	81103-11-9	Sigma	C9742-100MG	747.95			no				
Cloxacillin sodium salt monohydrate	7081-44-9	Sigma	C9393-1G	475.88		yes	no				
cobalt (III)-EDTA							no				
Cobalt chloride hexahydrate	7791-13-1	Sigma	255599	237.93	Cobaltous chloride hexahydrate, CoCl2, CoCl2 6H2O, Cobalt Chloride		yes			yes	
Cobalt(II) nitrate hexahydrate	10026-22-9			291.03	Co(NO3)2 6H2O						
Colistin sulfate salt	1264-72-8	Sigma	C4461								
coniferyl alcohol	458-35-5	Sigma	223735	180.2							
coniferyl aldehyde	458-36-6	Sigma	382051	178.18							
copper (II) chloride dihydrate	10125-13-0	Sigma	307483	170.48	CuCl2		yes			yes	
Copper (II) sulfate pentahydrate	7758-99-8	Sigma	C8027	249.69	Blue Vitriol, Cupric sulfate pentahydrate, Sulfuric acid, copper(II) salt (1:1) pentahydrate, CuSO4 5H2O, Cupric Sulfate						
Crystal Violet	548-62-9	Sigma	61135-100g	407.979							
Cyanocobalamin	68-19-9	Sigma	C3607	1355.37	Vitamin B12, _-(5,6-Dimethylbenzimidazolyl)cyanocobamide, CN-Cbl, Cyanocob(III)alamin						
Cycloheximide	66-81-9	Sigma	c7698-1g	281.35		yes					
Cytidine	65-46-3	Sigma	c4654	243.22				yes	yes		
Cytidine 5'-Monophosphate	63-37-6	Sigma	C1131	323.2							
Cytosine	71-30-7	Sigma	C3506	111.1				yes	yes		
D-Alanine	338-69-2	Sigma	A7377	89.09				yes	yes		
D-Arabinose	10323-20-3	Sigma	A3131	150.13				yes			
D-Cellobiose	528-50-7	Sigma	C7252	342.3				yes			
D-Cycloserine	68-41-7	Sigma	C6880-1G	102.09		yes				yes	
D-Fructose	57-48-7	Sigma	F2543	180.16				yes			
D-Galactose	59-23-4	Sigma	G0750	180.16				yes			
D-Galacturonic Acid monohydrate	91510-62-2	Sigma	48280	212.15				yes			
D-Gluconic Acid sodium salt	527-07-1	Sigma	G9005	218.14				yes			
D-Glucosamine Hydrochloride	66-84-2	Sigma	G4875	215.63				yes	yes		
D-Glucose	50-99-7	Sigma	G7528	180.16	glucose			yes			
D-Glucose-6-Phosphate sodium salt	54010-71-8	Sigma	G7879	282.12				yes			
D-Glucuronic Acid	6556-12-3	Sigma	G5269	194.14				yes			
D-Maltose monohydrate	6363-53-7	Sigma	M5885	360.31	Maltose monohydrate			yes			
D-Mannitol	69-65-8	Sigma	M4125	182.17				yes			
D-Mannose	3458-28-4	Sigma	M6020	180.16				yes			
D-Raffinose pentahydrate	17629-30-0	acros	19567-1000	594.52				yes			
D-Ribose	50-69-1	Sigma	R1757	150.13				yes			
D-Salicin	138-52-3	Sigma	S0625	286.28				yes			
D-Serine	312-84-5	Sigma	S4250	105.09				yes	yes		
D-Sorbitol	50-70-4	Sigma	S1876	182.17				yes			
D-Tagatose	87-81-0	Sigma	T2751	180.16				yes			
D-Trehalose dihydrate	6138-23-4	Sigma	T9531	378.33				yes			
D-Xylose	58-86-6	Sigma	X3877	150.13				yes			
D,L-Malic Acid	6915-15-7	Sigma	M0875	134.09				yes			
DEANONOate	372965-00-9	Cayman	82100	206.3							
decyl alcohol	112-30-1			158.28							
Deoxyribonucleic acid from herring sperm		Sigma	D3159								
deuterated glucose	201417-01-8	Sigma	552151	193.15							
deuterated water	7789-20-0	Sigma	151882	20.03							
Dibenzothiophene	132-65-0	Sigma		184.26		yes					
Dibucaine	85-79-0	Sigma	D0513-5G	343.46		yes					
Dicloxacillin sodium salt monohydrate	13412-64-1	Sigma	D9016	510.32		yes					
diethyl ether	60-29-7			74.12							
dimethyl sulfone	67-71-0						yes				
Dimethyl Sulfoxide	67-68-5	Sigma	34869	78.13	DMSO					yes	
Dimetridazole	551-92-8	Sigma	d4025-110g	141.13	1,2-dimethyl-5-nitroimidazole	yes					
Disodium phosphate	7558-79-4			141.96	Na2HPO4						
dodecane	112-40-3			170.34	Dodecane						
Dodecanol	112-53-8			186.34							
Doxorubicin hydrochloride	25316-40-9	Sigma	D1515-10MG	579.98							
Doxycycline hyclate	24390-14-5	Sigma	D9891-1G	512.94		yes				yes	
Econazole nitrate salt	24169-02-6	Sigma	E4632	423.42		yes					
EDTA	60-00-4	Sigma	BP121	292.24							
EDTA (disodium salt)	6381-92-6	Sigma	E6635	336.206							
Erythromycin	114-07-8	Sigma	E5389	733.93		yes					
Ethanol	64-17-5	Sigma	493546	46.07				yes			
ethyl acetate	141-78-6			88.11							
Ethylenediamine-N,N'-disuccinic acid	20846-91-7			292.24	EDDS		yes				
Eugenol	97-53-0	Sigma	E51791	164.2							
Europium(III) chloride	10025-76-0			258.323	europium chloride		yes				
FCCP	370-86-5	Sigma	C2920-10MG	254.17							
Ferric ammonium citrate	1185-57-5	Sigma	F5879	261.98							
Ferric chloride	10025-77-1	Sigma	236489	270.3	Iron (III) chloride hexahydrate		yes				
Ferric citrate	3522-50-7	Sigma	F3388	244.94							
Ferulic Acid	537-98-4	Sigma	128708	194.18							
Flavone	525-82-6	acros	119160010	222.24		yes					
Folic Acid	59-30-3	Sigma	F7876	441.4							
Formamide	75-12-7	Sigma	F9037-100ML	45.04							
Formic Acid	64-18-6	Sigma	251364	46.03							
Furaltadone hydrochloride	3759-92-1	Sigma	F9255-25G	360.75		yes					
Furfuryl Alcohol	98-00-0	Sigma	185930	98.1						yes	
Fusidic acid sodium salt	751-94-0	Sigma	F0881-1G	538.69						yes	
G418 disulfate salt solution	108321-42-2	Sigma	G8168	692.71	G418					yes	
Gallic Acid	149-91-7	Sigma	G7384	170.12			yes				
Gelatin	9000-70-8	Sigma	G1890					yes	yes		
Geneticin G418	49863-47-0			496.55		yes					
Gentamicin sulfate salt	1405-41-0	Sigma	G1264							yes	
Gjerstad humics							yes				
Glucuronamide	3789-97-7	MP	157202	193.2				yes	yes		
Gly-DL-Asp	79731-35-4	Sigma	G2754	190.2				yes	yes		
Gly-Glu	7412-78-4	Sigma	G0877	204.18				yes	yes		
Glycerol	56-81-5	Fisher	BP229-1	92.09				yes			
Glycerol phosphate disodium salt hydrate	55073-41-1	Sigma	G6501	216.04							
Glycine	56-40-6	Sigma	G7126	75.07	L-glycine			yes	yes		
glycolaldehyde	23147-58-2	Sigma	G6805	120.1							
Glycolic Acid	79-14-1	Sigma	124737	76.05				yes			
Guaiacol	90-05-1	Sigma	G5502	124.14							
Guanine	73-40-5			151.13							
Guanosine	118-00-3	Sigma	G6752	283.24							
Hans 1000x minerals							yes				
Hans 100x vitamins							yes				
heptanol	111-70-6			116.2							
hexadecane	544-76-3			226.45							
hexanol	111-27-3			102.18							
homovanillic acid	306-08-1	Sigma	H1252	182.17							
Hydrochloric Acid	7647-01-0				Hcl		yes				
Hydrogen peroxide	7722-84-1	Sigma	H3410	34.01							
Hydroquinone	123-31-9	Sigma	H9003	110.11							
Hydroxylamine hydrochloride	5470-11-1	Sigma	159417	69.49	hydroxylamine hcl		yes				
Hygromycin B	31282-04-9	Sigma	H7772	527.52		yes					
Hypotaurine	300-84-5	Sigma	H1384	109.15							
Hypoxanthine	68-94-0	Sigma	H9377	136.11							
Inosine	58-63-9	Sigma	I4125	268.23				yes	yes		
Iodonitrotetrazolium chloride	146-68-9	Sigma	58030-1G-F	505.7							
Irgasan	3380-34-5	Sigma	72779-5G-F	289.54		yes					
Iron (II) chloride tetrahydrate	13478-10-9	Sigma	44936	198.81	FeCl2, FeCl2 7H2O						
Iron (II) sulfate heptahydrate	7782-63-0	Sigma	F2387	278.01	Ferrous sulfate heptahydrate, FeSO4 7H2O, Iron sulfate						
Isobutyl alcohol	78-83-1	Sigma	W217905	74.12	Isobutanol; 2-Methylpropan-1-ol						
Isoniazid	54-85-3	Sigma	I3377-5G	137.14		yes					
Isopropyl alcohol	67-63-0	Sigma	I9516	60.1							
Itaconic Acid	97-65-4	Sigma	I29204	130.1				yes			
Kanamycin sulfate	25839-94-0	Sigma	K4000-50G	582.58						yes	
L-(+)-Ergothioneine	497-30-3	Sigma	E7521	229.3							
L-Alanine	56-41-7	Sigma	A7627	89.09				yes	yes		
L-Arabinose	5328-37-0	Sigma	A3256	150.13				yes			
L-Arginine	74-79-3	Sigma	A5006	174.2				yes	yes		
L-Asparagine	70-47-3	Sigma	A4159	132.12				yes	yes		
L-Aspartic Acid	56-84-8	Sigma	A8949	133.1				yes	yes		
L-Aspartic acid potassium salt	1115-63-5			171.19							
L-Citrulline	372-75-8	Sigma	C7629	175.19				yes	yes		
L-Cysteine hydrochloride monohydrate	7048-04-6	Sigma	C7880	175.63	L-Cysteine HCl			yes	yes		
L-Fucose	2438-80-4	Sigma	F2252	164.16				yes			
L-Glutamic acid monopotassium salt monohydrate	6382-01-0	fluka	49601	203.24	L-Glutamic acid potassium salt monohydrate, L-Glutamic acid potassium salt			yes	yes		
L-Glutamine	56-85-9	Sigma	G3126	146.14				yes	yes		
L-glutathione reduced	70-18-8	Sigma	G4251	307.32							
L-Histidine	71-00-1	Sigma	H8000	155.16	L-Histidine HCl H2O			yes	yes		
L-Isoleucine	73-32-5	Sigma	I2752	131.17				yes	yes		
L-Leucine	61-90-5	Sigma	L8000	131.17				yes	yes		
L-Lysine	56-87-1	Sigma	L5501	146.19				yes	yes	yes	
L-Malic acid disodium salt monohydrate	207511-06-6	Sigma	M9138	196.06				yes			
L-Methionine	63-68-3	Sigma	M9625	149.21				yes	yes		
L-Phenylalanine	63-91-2	Sigma	P2126	165.19				yes	yes		
L-Proline	147-85-3	Sigma	P0380	115.13				yes	yes		
L-Rhamnose monohydrate	10030-85-0	acros	174081000	182.17				yes			
L-Serine	56-45-1	Sigma	S4311	105.09				yes	yes		
L-Sorbose	87-79-6	Sigma	85541	180.16				yes			
L-Threonine	72-19-5	Sigma	T8625	119.12				yes	yes		
L-Tryptophan	73-22-3	Sigma	T0254	204.23				yes	yes		
L-tyrosine	60-18-4			181.19							
L-tyrosine disodium salt	69847-45-6	Sigma	T1145	225.15				yes	yes		
L-Valine	75-18-4	Sigma	V0500	117.15				yes	yes		
lead (II) chloride	7758-95-4	Sigma	268690	278.11							
Lead (II) nitrate	10099-74-8	Sigma	11520	331.21							
Levofloxacin	100986-85-4	Sigma	28266-1G-F	361.37		yes					
Levulinic Acid	123-76-2	Sigma	L2009	116.12							
limonene	138-86-3			136.24	D-Limonene						
Lincomycin hydrochloride	859-18-7	Sigma	L6004	443		yes					
Lipoic acid	1200-22-2	Sigma	O4471	206.33	Thioctic acid						
Lithium chloride	7447-41-8	Sigma	L4408	42.39			yes				
Lomefloxacin hydrochloride	98079-52-8	Sigma	L2906	387.81						yes	
m-Inositol	87-89-8	Sigma	I5125	180.16				yes			
Magnesium chloride hexahydrate	7791-18-6	Sigma	M2670	203.3	MgCl2, magnesium chloride		yes				
Magnesium sulfate	7487-88-9	Sigma	M7506	120.37	MgSO4						
Magnesium Sulfate Heptahydrate	10034-99-8	Sigma	M1880	246.47	Epsom salts, MgSO4 7H2O						
Manganese (II) chloride tetrahydrate	13446-34-9	Sigma	M3634	197.91	MnCl2, manganese chloride, MnCl2 4H2O		yes				
Manganese (II) sulfate monohydrate	10034-96-5	Sigma	M7634	169.02	MnSO4 H2O						
manganese (IV) oxide	1313-13-9	Sigma	529664	86.94							
Mecillinam	32887-01-7	Sigma	33447-100MG	325.43		yes					
Menadione sodium bisulfate	130-37-0	Sigma	M5750	276.24							
MES sodium salt	71119-23-8	Sigma	M3885	217.22							
Methotrexate	133073-73-1	Sigma	M9929-25MG	454.44							
Methyl methanesulfonate	66-27-3	Sigma	129925-5G	110.13							
methylene chloride	75-09-2			84.93							
methylglyoxal	79-98-8	Sigma	M0252	72.06						yes	
Metronidazole	443-48-1			171.15		yes					
Minocycline hydrochloride	13614-98-7	Sigma	M9511-25MG	493.94							
Mitomycin C	50-07-7	Sigma	M0440-5MG	334.33							
MreB Perturbing Compound A22	22816-60-0	Sigma	SML0471	271.6						yes	
N-Acetyl-D-Glucosamine	7512-17-6	Sigma	A8625	221.21				yes	yes		
Nafcillin sodium salt monohydrate	7177-50-6	Sigma	N3269-5G	454.47		yes					
Nalidixic acid sodium salt	3374-05-8	Sigma	N4382	232.24		yes				yes	
Neomycin trisulfate salt hydrate	1405-10-3	Sigma	N1142	908.88						yes	
Nickel (II) chloride hexahydrate	7791-20-0	Sigma	N6136	237.69	NiCl2 6H2O		yes			yes	
Nickel (II) sulfate hexahydrate	7786-81-4			262.85	NiSO4						
Nicotinamide	98-92-0	Sigma	N3376	122.12							
Nicotinic Acid	59-67-6	Sigma	N4126	123.11							
Nigericin sodium salt	28643-80-3	Sigma	N7143-5MG	746.94							
Nitrilotriacetic acid	139-13-9	Sigma	N9877	191.14	N,N-Bis(carboxymethyl)glycine, NTA, Tris(carboxymethyl)amine		yes				
Nitrilotriacetic acid disodium salt	15467-20-6			235.1							
Nitrofurantoin	67-20-9	Sigma	N7878-10G	238.16		yes					
Norfloxacin	70458-96-7	Sigma	N9890	319.33		yes					
Novobiocin sodium salt	1476-53-5	Sigma	N1628	634.61		yes					
O-Phosphoryl-Ethanolamine	1071-23-4	Sigma	P0503	141.06							
octane	111-65-9			114.23							
octanol	111-87-5			130.23							
Oxacillin sodium salt	1173-88-2	Sigma	28221-1G	423.42		yes					
Oxytetracycline hydrochloride	2058-46-0	Sigma	O5875	496.89		yes					
p-Coumaric acid	501-98-4	Sigma	C9008	164.16							
Palladium(II) chloride	7647-10-1	Sigma	205885	177.33	Palladium chloride		yes				
Parabanic Acid	120-89-8	Sigma	P209	114.06				yes	yes		
Paraquat dichloride	1910-42-5	Sigma	36541-100MG	257.16						yes	
Paromomycin sulfate salt	1263-89-4	Sigma	P9297-1G	713.71							
Penicillin g	69-57-8	Sigma	pen-na	356.4		yes					
Pentachlorophenol	87-86-5	Sigma	P2604-5G	266.34							
Pentasodium tripolyphosphate hexahydrate	15091-98-2	Sigma	T5633	475.96							
Phenazine ethosulfate	10510-77-7	Sigma	P4544-1G	334.39		yes					
Phenazine methosulfate	299-11-6	Sigma	P9625-500MG	306.34		yes					
Phleomycin	11006-33-0	Sigma	P9564-5MG								
Phosphomycin disodium salt	26016-99-9	Sigma	P5396-1G	182.02						yes	
pinene	80-56-8			136.24	alpha-Pinene						
Piperacillin sodium salt	59703-84-3	Sigma	P8396	539.54		yes					
PIPES sesquisodium salt	100037-69-2	Fisher	BP304-500	335.34							
Polymyxin B sulfate	1405-20-5	Sigma	P0972-1MU	1385.61						yes	
Potassium 4-aminobenzoate	138-84-1			175.23							
Potassium acetate	127-08-2	Sigma	P1190	98.14				yes			
Potassium aluminum chloride	74978-20-4			490.335	AlKCl2						
Potassium bromide	7758-02-3	Sigma	P0838	119.002	KBr						
Potassium Chloride	7447-40-7	Sigma	P3911	74.55	KCl		yes				
Potassium chromate	7789-00-6	Sigma	216615	194.19			yes				
Potassium dichromate	7778-50-9			294.185							
Potassium hydroxide	1310-58-3			56.11	KOH						
Potassium nitrate	7757-79-1			101.1032	KNO3						
Potassium oxalate monohydrate	6487-48-5	Sigma	O0501	184.23				yes			
Potassium phosphate dibasic	7758-11-4	Sigma	P3786	174.18	K2HPO4, dibasic anhydrous sodium phosphate						
Potassium phosphate monobasic	7778-77-0			136.09	Monopotassium phosphate, Potassium dihydrogen phosphate solution, KH2PO4						
Potassium sulfate	7778-80-5			174.259	K2SO4						
potassium tellurate	7790-58-1	Sigma	P0677	253.79			yes				
Potassium tellurite hydrate	123333-66-4	Sigma	P0677	253.79			yes				
Procaine hydrochloride	51-05-8	Sigma	P9879-50G	272.77		yes					
Propidium iodide	25535-16-4	Sigma	P4170-10MG	668.39							
Protocatechualdehyde	139-85-5	Sigma	D108405	138.12							
Protocatechuic Acid	99-50-3	Sigma	37580	154.12							
Puromycin dihydrochloride	58-58-2	Sigma	P7255-25MG	544.43							
Putrescine Dihydrochloride	333-93-7	Sigma	P7505	161.07				yes	yes		
Pyocyanin	85-66-5	Sigma	P0046-5MG	210.23							
Pyridoxine HCl	58-56-0	Sigma	P9755	205.64	Pyridoxine-HCl, pyridoxine hydrochloride, pyridoxine HCl						
Pyrocatechol	120-80-9	Sigma	C9510	110.11							
Radicicol	12772-57-5	Sigma	R2146	364.78							
Ramoplanin	76168-82-6	Sigma	R1781	2554.07		yes					
Rhamnolipid	4348-76-9			650.8							
Riboflavin	83-88-5	Sigma	R4500	376.36							
Rifampicin	13292-46-1	Sigma	R3501-250MG	822.94		yes				yes	
Rotenone	83-79-4	MP	150154	391.41		yes					
rubidium chloride	7791-11-9	Sigma	R2252	120.92			yes				
Sea salts		Sigma	S9883-500G		sea salts (Sigma)						
silver sulfate	10294-26-5						yes				
sinapic acid	530-59-6	Sigma	D7927	224.21							
sinapinaldehyde	4206-58-0	Sigma	382159	208.21							
Sisomicin sulfate salt	53179-09-2	Sigma	S7796-250MG	692.72						yes	
Sodium 2-bromoethanesulfonate	4263-52-9	Sigma	137502	211.01	sodium bromoethanesulfonate		yes				
Sodium 2-mercaptoethanesulfonate	19767-45-4	Sigma	M1511	164.18			yes				
Sodium acetate	127-09-3	Sigma	S28889-250G	82.03	Acetic acid sodium salt					yes	
Sodium antimonate	15432-85-6			192.75			yes				
Sodium arsenate dibasic heptahydrate	10048-95-0	Sigma	A6756-50G	312.01			yes				
Sodium azide	26628-22-8	Sigma	S2002	65.01							
Sodium bicarbonate	144-55-8			84.007	NaHCO3		yes				
Sodium bromate	7789-38-0	Sigma	224871	150.892			yes				
sodium bromide	7647-15-6	Sigma	S4547	102.89			yes				
Sodium butyrate	156-54-7	Sigma	B5887	110.09				yes			
Sodium carbonate	497-19-8			105.9888	Na2CO3		yes				
Sodium Chlorate	7775-09-9	Fisher	S268-500	106.44			yes			yes	
Sodium Chloride	7647-14-5	Sigma	S3014	58.44	NaCl		yes			yes	
Sodium Chlorite	7758-19-2	Sigma	244155	90.44			yes			yes	
Sodium cholate hydrate	206986-87-0	Sigma	C9282-25G	430.55			yes				
Sodium cyanide	143-33-9	Sigma	380970	49.01			yes				
Sodium D-Lactate	920-49-0	Sigma	71716	90.08				yes			
Sodium D,L-Lactate	50-21-5	Sigma	L1375	90.08	sodium lactate			yes			
Sodium deoxycholate monohydrate	145224-92-6	Sigma	D5670	432.57	Sodim deoxycholate monohydrate		yes				
Sodium Dodecyl Sulfate	151-21-3	Sigma	L4390	288.38							
Sodium ethyl sulfate	546-74-7	Sigma	CDS000593_	148.11							
sodium fluoride	7681-49-4	Sigma	S7920	41.99			yes			yes	
Sodium Fluorophosphate	7631-97-2	Sigma	344443	143.95	Sodium monofluorophosphate		yes				
Sodium Formate	141-53-7	Sigma	71539	68.01	Sodium formate			yes			
Sodium Fumarate dibasic	17013-01-3	Sigma	F1506	160.04	Sodium Fumarate			yes			
Sodium Hydroxide	1310-73-2			40	NaOH		yes				
Sodium hypochlorite	7681-52-9	Sigma		74.44			yes				
Sodium hypophosphite monohydrate	10039-56-2	Sigma	S5012	105.99			yes				
sodium iodate	7681-55-2	Sigma	S4007	197.89			yes				
sodium iodide	7681-82-5	Sigma	383112	149.89			yes				
Sodium iodoacetate	305-53-3	Sigma	I2512-25G	207.93							
Sodium L-Lactate	867-56-1	Sigma	L7022	112.06				yes			
Sodium m-arsenite	7784-46-5	Sigma	S7400	129.91	sodium arsenite		yes				
Sodium metavanadate	13718-26-8	Sigma	590088	121.93			yes				
Sodium methanesulfonate	2386-57-4	Sigma	304506	118.09			yes				
Sodium molybdate	7631-95-0	Sigma	243655	205.92	Na2MoO4		yes				
Sodium Molybdate Dihydrate	10102-40-6	Sigma	331058	241.95	Na2MoO4 2H2O						
Sodium nitrate	7631-99-4	Sigma	S8170	84.99	NaNO3		yes		yes	yes	
Sodium nitrite	7632-00-0	Sigma	563218	69			yes		yes	yes	
Sodium octanoate	1984-06-1	Sigma	C5038	166.19				yes			
Sodium perchlorate monohydrate	7791-07-3	Sigma	71852	140.46			yes			yes	
Sodium periodate	7790-28-5	Sigma	S1878	213.89			yes				
Sodium phosphate dibasic heptahydrate	7782-85-6	Sigma	S9390	268.07	Na2HPO4 7H2O						
Sodium phosphate monobasic monohydrate	10049-21-5	Sigma		137.99	monobasic sodium phosphate dihydrate		yes				
Sodium phosphite dibasic pentahydrate	13517-23-2			216.04			yes				
Sodium propionate	137-40-6	Sigma	P1880	96.06	Sodium Proprionate			yes			
Sodium pyrophosphate dibasic	7758-16-9	Sigma	P8135	221.94			yes				
Sodium pyruvate	113-24-6	Sigma	P2256	110.04				yes			
Sodium selenate	13410-01-0	Sigma	S0882	188.94	Na2SeO4		yes				
Sodium selenite pentahydrate	26970-82-1	Sigma	163	263.01	Na2SeO3		yes				
Sodium metasilicate	6834-92-0			122.06	sodium silicate, sodium (meta)silicate		yes				
Sodium succinate dibasic hexahydrate	6106-21-4	Sigma	S2378	270.14	sodium succinate			yes			
Sodium sulfate	7757-82-6			142.04	Na2SO4, Sodium Sulfate		yes				
Sodium sulfide nonahydrate	1313-82-2			240.18	Na2S						
sodium sulfite	7757-83-7	Sigma	S0505	126.04			yes				
Sodium thiophosphate tribasic hydrate	10489-48-2	Sigma	S0764	180.01			yes				
Sodium thiosulfate pentahydrate	10102-17-7	Sigma	S8503	248.18			yes				
Sodium tungstate dihydrate	10213-10-2	Sigma	T2629	329.85	Na2WO4, Na2WO4 2H2O, sodium tungstate, Sodium tungstate		yes				
Spectinomycin dihydrochloride pentahydrate	22189-32-8	Sigma	85555-25G	495.35		yes				yes	
Spiramycin	8025-81-8	Sigma	S9132-1G			yes					
Streptomycin sulfate salt	3810-74-0	Sigma	S6501-5G	728.69							
Streptonigrin	3930-19-6	Sigma	S1014-1MG	506.46							
Strontium chloride	10476-85-4			158.53	SrCl2		yes				
Succinic Acid	110-15-6	Sigma	S3674	118.09							
Sucrose	57-50-1	Sigma	S7903	342.3				yes			
Sulfamethazine sodium salt	1981-58-4	Sigma	S5637-25G	300.31		yes					
Sulfamethizole	144-82-1	Sigma	S5632-10G	270.33		yes					
Sulfamonomethoxine	1220-83-3	Sigma	S0508-250MG	280.3		yes					
Sulfanilamide	63-74-1	Sigma	S9251	172.2							
Sulfaquinoxaline sodium salt	967-80-6	Sigma	S7382	322.32		yes					
syringaldehyde	134-96-3	Sigma	57602	182.17						yes	
Syringic Acid	530-57-4	Sigma	S6881	198.17							
TAPS sodium salt	91000-53-2	Sigma	T0647	265.26							
Taurocholic acid sodium salt hydrate	345909-26-4	Sigma	T4009-250MG	537.68							
Tetracycline hydrochloride	64-75-5	Sigma	T3383-25G	480.9		yes				yes	
Tetrazolium violet	1719-71-7	Sigma	T0138-1G	384.86		yes					
Thallium(I) acetate	563-68-8	Sigma	T8266-5G	263.43			yes			yes	
Theophylline	58-55-9	Sigma	t-1663 50g	180.2		yes					
Thiamine HCl	67-03-8	Sigma	T4625	337.27	Thiamine-HCl, thiamine, thiamin hydrochloride, thiamine HCl						
Thioridazine hydrochloride	130-61-0	Sigma	T9025-5G	407.04		yes					
Thiourea	62-56-6	Sigma	88810	76.12							
Thymidine	50-89-5	Sigma	T1895	242.23				yes	yes		
Thymine	65-71-4	Sigma	T0376	126.11				yes	yes		
Ticarcillin disodium salt	4697-14-7	Sigma	T5639	428.39		yes					
Tobramycin sulfate salt	79645-27-5	Sigma	T1783-100MG	467.51							
toluene	108-88-3			92.14							
Tribenuron-methyl	101200-48-0	Sigma	46013-100-mg	395.39		yes					
Tricine	5704-04-1	Sigma	T0377	179.17							
Trimethoprim	738-70-5	Sigma	T7883	290.32		yes					
Trimethylamine-N-oxide	1184-78-7	Sigma	317594	75.11							
Tris hydrochloride	1185-53-1	Sigma	T5941	157.6	Tris-HCl						
Tris(hydroxymethyl)aminomethane	77-86-1			121.14	Tris, THAM						
Trisodium citrate dihydrate	6132-04-3	Sigma	S1804	294.1				yes			
Tryptone	91079-40-2										
Tunicamycin	11089-65-9	Sigma	T7765-1MG								
Tween 20	9005-64-5	Sigma	P1379	1227.54				yes			
undecene	821-95-4			154.29							
Uracil	66-22-8			112.0868							
Uranyl acetate	541-09-3			424.146							
Urea	57-13-6	Sigma	U5378	60.06					yes		
Uridine	58-96-8	Sigma	U3750	244.2				yes	yes		
Vancomycin Hydrochloride from Streptomyces orientalis	1404-93-9	Sigma	MP: 195545-250MG	1485.71		yes					
Vancomycin Hydrochloride Hydrate	123409-00-7	Sigma	MP: 195545-250MG	1485.7						yes	
Vanillic Acid	121-34-6	Sigma	H36001	168.15							
Vanillin	121-33-5	Sigma	V1104	152.15						yes	
Vanillyl Alcohol	498-00-0	Sigma	175536	154.16			yes				
vanillylmandelic acid	55-10-7	Sigma	H0131	198.17							
Xylitol	87-99-0	Sigma	X3375	152.15				yes			
Yeast Extract	232-387-9										
Zinc chloride	7646-85-7	Sigma	Z0173	136.3	ZnCl2		yes				
Zinc Pyrithione	13463-41-7	Sigma	phr1401-5g	317.7		yes					
Zinc sulfate heptahydrate	7446-20-0	Sigma	Z0251	287.56	zinc sulfate, ZnSO4 7H2O					yes	
sodium carbonate monohydrate	5968-11-6	Sigma	S4132	124							
Starch	9005-25-8				Starch from potato						
D,L-cysteine	3374-22-9	Sigma		121.16	DL-cysteine						
D,L-histidine	4998-57-6	Sigma		155.15	DL-histidine						
Ferric-NTA											
Zinc-NTA											
Copper-NTA											
Sodium thiosulfate	7772-98-7				sodium thiosulfate anhydrous						
Lithium chloride hydrate	85144-11-2										
Nickel-NTA											
vanadium chloride	7718-98-1										
ammonium iron(II) sulfate hexahydrate	7783-85-9										
beryllium sulfate tetrahydrate	7787-56-6										
Gallium(III)chloride	13450-90-3										
potassium tellurate hydrate	314041-10-6										
silver chloride	7783-90-6										
potassium hexahydroxoantimonate	12208-13-8										
gold (III) chloride hydrate	27988-77-8										
mercury (II) chloride	7487-94-7										
platinum (IV) chloride	13454-96-1										
Chromium-NTA											
sodium tetraborate decahydrate	1303-96-4										
Cobalt-NTA											
Manganese-NTA											
Cadmium-NTA											
Aluminum-NTA											
2-Deoxy-D-ribonic acid lithium salt	7284-15-3				lithium deoxyribonoate						
1,4-Butanediol	110-63-4			90.12	Butane-1,4-diol						
2-Piperidinone	675-20-7			99.13	Piperidin-2-one; Valerolactam						
Caprolactam	105-60-2			113.16	Azepan-2-one						
1-Pentanol	71-41-0			88.15	Pentan-1-ol						
2-Ethylhexanol	104-76-7			130.23	2-Ethylhexan-1-ol						
e-Amino-N-Caproic Acid	60-32-2			131.17	Aminocaproic acid; 6-Aminohexanoic acid						
Cholinium dihydrogen phosphate	83846-92-8										
Cholinium lysinate											
Ethanolamine acetate											
Cholinium phosphate											
Cholinium glutamate											
Cholinium hydrogen phosphate											
Butyrolactam	616-45-5			85.11	Pyrrolidin-2-one						
Cholinium aspartate											
Cholinium alpha ketoglutarate											
Geraniol	106-24-1			154.25							
Formaldehyde	50-00-0			30.03							
L-Cysteine	52-90-4	sigmaaldrich	W326305-100G	121.16	 (R)-2-Amino-3-mercaptopropionic acid						
Hemin	16009-13-5	sigmaaldrich	H9039-10G	651.94	Chloro(protoporphyrinato)iron(III), Chlorohemin, Chloroprotoporphyrin IX iron(III), Ferriprotoporphyrin IX chloride, Hemin(chloride)						
hydrous ferric oxide											
Mannan from Saccharomyces cerevisiae	9036-88-8	sigma	M7504-1G								
Inulin from chicory	9005-80-5	sigma	I2255-10G								
Pectin	9000-69-5	sigma	P7536-1G								
Ethanolamine	141-43-5	sigma	398136-25ML								
Hyaluronic acid sodium salt from Streptococcus equi	9067-32-7	sigma	53747-1G								
Heparin sodium salt from porcine intestinal mucosa	9041-08-01	sigma	H4784-1G								
Chondroitin sulfate A sodium salt from bovine trachea	39455-18-0	sigma	C9819-5G								
Mucin, Bovine Submaxillary Gland, type I-S	84195-52-8	sigma	M3895-100MG								
Mucin from porcine stomach,Type II	84082-64-4	sigma	M2378-100G								
amylopectin from maize	9037-22-3	sigma	10120-250G								
(+)-Arabinogalactan	9036-66-2	sigma	A9788-1G								
Sodium alginate	9005-38-3	sigma	PHR1471-1G								
Laminarin from Laminaria digitata	9008-22-4	sigma	L9634-1G								
Red Arabinan from sugar-beet		sigma	07681-1G								
arabinogalactan	9036-66-2	sigma	A9788-1G								
Levan - from Erwinia herbicola	9013-95-0	sigma	L8647-1G								
polygalacturonic acid	25990-10-7	sigma	P3889-5G								
cellulose (fibers,medium)	9004-34-6	sigma	C6288-100G								
Amylose from potato	9005-82-7	sigma	A0512-1G								
dextran					dextran, Mw ~1,270; dextran, Mw ~200,000						
Avidin	1405-69-2	sigma									
